id,building,street,area,city,pincode,flag,reason,raw_address
A01,Crest Tower.K,,Cuffe Parade,Mumbai,400005,NO,"building name low-confidence: derived positionally ('Crest Tower.K'), no recognised building-type keyword (Tower/CHS/Apartment/etc.) found","Crest Tower.K 74 Opp Harbour View.3, Cuffe Parade, Mumbai 400005"
A02,304-Sameer tower,Hill crest road,Bandra West,Mumbai,400050,NO,,"304-Sameer tower/ Hill crest road bandra west, Mumbai 400050"
A03,Harbour View 1 B Tower,,Cuffe Parade,Mumbai,400005,NO,,Harbour View 1 B Tower Flat no.57 Cuffe Parade Mumbai 400005.
A04,Aurora Kalpa-Park,,Lower Parel,Mumbai,400013,NO,"building name low-confidence: derived positionally ('Aurora Kalpa-Park'), no recognised building-type keyword (Tower/CHS/Apartment/etc.) found","B-4702 Aurora Kalpa-Park lower parel, Mumbai 400013"
A05,Harbour View,,Cuffe Parade,Mumbai,400005,NO,"building name low-confidence: derived positionally ('Harbour View'), no recognised building-type keyword (Tower/CHS/Apartment/etc.) found","Harbour View 1 Flat no.104 A Cuffe Parade, Mumbai 400005"
A06,Marigold Apartment,R.K Bhosle Road,Cuffe Parade,Mumbai,400005,NO,,"Flat # 214, Marigold Apartment, R.K. Bhosle Road, cuff parade, Mumbai -400005"
A07,Crest Tower,,Cuffe Parade,Mumbai,400005,NO,,"Crest Tower A 18St Floor flat no Cuffe Parade, Mumbai 400005"
A08,Crest Tower.A,,Cuffe Parade,Mumbai,400005,NO,"building name low-confidence: derived positionally ('Crest Tower.A'), no recognised building-type keyword (Tower/CHS/Apartment/etc.) found","Crest Tower.A 11th floor Cuffe parade, Mumbai 400005"
A09,Nirvana Apt,,Worli,Mumbai,400030,NO,,"Flat No 208 B Nirvana Apt 1 Worli, Mumbai 400030"
A10,Nirvana IC,,Lower Parel,Mumbai,400009,NO,"building name low-confidence: derived positionally ('Nirvana IC'), no recognised building-type keyword (Tower/CHS/Apartment/etc.) found","Nirvana ,IC,/317,Lower Parel, Mumbai 400009"
B01,Emerald Heights,JVN Nagar,Andheri West,Mumbai,400053,NO,,"Emerald Heights A1203, JVN Nagar, MHADA, Andheri West, Mumbai 400053"
B02,Anjali CHS,Anand Nagar,Chembur,Mumbai,,NO,"pincode incomplete/non-standard (found '71', not a valid 6-digit PIN; not auto-completed to avoid inventing data)",Anjali CHS 503 5th Floor Near Anand Nagar Lane Opp.Metro Mart Chembur Mumbai-71.
B03,Oakridge Main,Oakridge Main St,Powai,Mumbai,400076,NO,"building name low-confidence: derived positionally ('Oakridge Main'), no recognised building-type keyword (Tower/CHS/Apartment/etc.) found","B-1603, Oakridge Main St., Hiranandani, Powai, Mumbai 400076"
B04,Sarita Building,,Nariman Point,Mumbai,400021,NO,,"Sarita Building Flat No: 72 7th Floor next to Yb Kamat, Nariman Point, Mumbai 400021"
B05,Orchid Forest,Orchid Forest Street,Powai,Mumbai,400076,NO,"building name low-confidence: derived positionally ('Orchid Forest'), no recognised building-type keyword (Tower/CHS/Apartment/etc.) found","A-706 Orchid Forest Street Hiranandani Powai., Mumbai 400076"
B06,MAJESTIC HE,,Goregaon West,Mumbai,400104,NO,"building name low-confidence: derived positionally ('MAJESTIC HE'), no recognised building-type keyword (Tower/CHS/Apartment/etc.) found","B-1302 MAJESTIC HE Nr. Goregaon Bus De Goregaon West, Mumbai 400104"
B07,Skyline Sunrise,Koli Gali,Andheri East,Mumbai,400093,NO,"building name low-confidence: derived positionally ('Skyline Sunrise'), no recognised building-type keyword (Tower/CHS/Apartment/etc.) found","1104 Skyline Sunrise opp Koli Gali Andheri East, Mumbai 400093"
B08,raheja Horizon,,Powai,Mumbai,400072,NO,,"Flat no. 902 k wing raheja Horizon Raheja Vihar powai, Mumbai 400072"
B09,Nalanda Tapovan Caves,Tapovan Caves Road,Andheri East,Mumbai,400093,NO,"building name low-confidence: derived positionally ('Nalanda Tapovan Caves'), no recognised building-type keyword (Tower/CHS/Apartment/etc.) found","17C Flat 22 Nalanda Tapovan Caves Road, Andheri East, Mumbai 400093"
B10,Sea Havan,Harbur Road,,Mumbai,400005,NO,"area/locality not identifiable; building name low-confidence: derived positionally ('Sea Havan'), no recognised building-type keyword (Tower/CHS/Apartment/etc.) found","Sea Havan 3 rd flo Building No. 6 Harbur Road Near Radio club, Mumbai 400005"
C01,,,,Mumbai,,YES,"area/locality not identifiable; pincode missing; no building name identifiable; address too sparse to parse (only a number and a city name, no building/street/area information present)","47, mumbai"
C02,,,Worli,Mumbai,400013,YES,no building name identifiable,"Worli, Mumbai 400013"
C03,,,Chandivali,Mumbai,400072,YES,no building name identifiable,"605 D wing Bldg no. 31 MHADA chandivali, Mumbai 400072"
C04,C 12 Building,,Powai,Mumbai,400076,NO,,"C 12 Building No 3 Near Directors Bung IIT Campus, Powai, Mumbai 400076"
C05,Everst Crys Keshavbaug,Crys Keshavbaug Lane,Santacruz West,Mumbai,,NO,"pincode missing; building name low-confidence: derived positionally ('Everst Crys Keshavbaug'), no recognised building-type keyword (Tower/CHS/Apartment/etc.) found","A/408 Everst Crys Keshavbaug Lane Nr Ashford Colon, Santacruz west, Mumbai"
C06,Harbour View.1,,Cuffe Parade,Mumbai,400005,NO,"building name low-confidence: derived positionally ('Harbour View.1'), no recognised building-type keyword (Tower/CHS/Apartment/etc.) found","Harbour View.1 A Flat No.46, Cuffe Parade, Mumbai 400005"
C07,K R Sapphire isle,,Powai,Mumbai,,YES,pincode missing; multiple distinct building names found in one field (K R Sapphire isle | Silverline Garden Estate) -- looks like two addresses concatenated together,"T2-1804 K & R Sapphire isle Powai Brightpath Technologies Pvt Ltd. C-2215-18 Silverline Garden Estate, Mumbai"
C08,vasnt splendr,,Jogeshwari West,Mumbai,,NO,pincode missing,"E wing 1507 vasnt splendr jvlr, Jogeshwar West, Mumbai"
C09,Nova Kiran CHSL,,Mahim,Mumbai,400016,YES,address relies on an explicit landmark reference rather than a verifiable building name/number,"07 3rd Floor of a Building Nova Kiran CHSL Road Landmark: Frosty Cones Ice Cream Lane, Mahim, Mumbai 400016"
C10,The Lighthouse Rani Tara,Rani Tara road,Churchgate,Mumbai,,NO,"pincode missing; building name low-confidence: derived positionally ('The Lighthouse Rani Tara'), no recognised building-type keyword (Tower/CHS/Apartment/etc.) found","Flat 9 4th floor The Lighthouse Rani Tara road. Opp sachivalaya Gymkhana Churchgate, Mumbai"
